,batting_consistency,batting_form,batting_temp,batting_wind,batting_rain,batting_humidity,batting_cloud,batting_pressure,batting_viscosity,batting_inning,batting_session,toss,venue,opposition,season,fielding_consistency,is_wicket_keeper,runs_scored,balls_faced,fours_scored,sixes_scored,batting_position,strike_rate,success_rate,bowling_consistency,bowling_form,bowling_temp,bowling_wind,bowling_rain,bowling_humidity,bowling_cloud,bowling_pressure,bowling_viscosity,bowling_session,bowling_venue,bowling_opposition,runs_conceded,deliveries,wickets_taken,economy,total_score,total_wickets,total_balls,target,extras,match_number,bowling_contribution,batting_contribution,winning_probability,player_name
1,48.824,48.824,30,31,0,67,9,1008,3,1,0,1,14.4936,34.4167,21,0.863636,0,14.177586879559918,26.916779177785312,0.4159524055670124,0.017066558225892342,3.9561197513845086,52.671929230154035,0.7016629442939937,0.0,0.0,28.0,29.0,0.0,78.0,56.0,1010.0,3.0,0.0,0.0,0.0,0.0,0.0,0.0,0.0,111.0266478969853,10.0,300,41.64632406092681,14.26,1198488,0.0,0.04959959104877073,0.017460280185514713,Lahiru Thirimanne
15,0.0,17.6595,30,31,0,67,9,1008,3,1,0,1,4.7472,8.88497,21,0.666667,0,1.6351090805669106,4.472261719273344,0.0,0.058866717026326856,9.676649772881829,36.56112238513144,0.3020440627762208,89.0975,32.8064,28.0,29.0,0.0,78.0,56.0,1010.0,3.0,1.0,23.9772,32.8564,41.64632406092681,45.792191906790435,0.875264432645301,5.456780598626617,111.0266478969853,10.0,300,41.64632406092681,14.26,1198488,0.14569761833620795,0.005720348773399137,0.01744086286550078,Nuwan Pradeep
22,33.3338,32.812,30,31,0,67,9,1008,3,1,0,1,49.3362,35.555,21,0.705882,0,80.95395193685846,85.26448558446482,7.22975623135036,1.395979388635245,3.3739733696686964,94.94451456774901,0.23320318380078525,32.9336,5.8954,28.0,29.0,0.0,78.0,56.0,1010.0,3.0,1.0,4.1979,6.5329,0.0,0.0,0.03220015432060726,0.0,111.0266478969853,10.0,300,41.64632406092681,14.26,1198488,0.0,0.2832134229865963,0.01757631572438055,Danushka Gunathilaka
